Median Unit Price - 2019,,,,,,,,,,,,,,,,
ABBOTSFORD,660000,501500,521000,555000,545000,575000,530000,588000,583000,537500,517500,560000,-4,-22,2.4,
ABERFELDIE,545000,500000,587500,511500,550000,490000,555000,510000,832500,760000,950000,420000,25,74,5.7,
AIRPORT WEST,387500,425500,442500,442500,474000,460000,470000,535000,590000,605500,608000,675000,0,57,4.6,
ALBERT PARK,662000,790000,727000,851000,657500,863000,850000,850000,662500,1300000,915000,2040000,-30,38,3.3,
ALBION,214000,265000,241500,226000,229000,298000,213500,246500,301000,350000,261000,360000,-25,22,2.0,
ALFREDTON,186000,220000,258000,308000,197500,233500,254000,285000,290000,242000,277000,230000,15,49,4.1,
ALPHINGTON,335000,487000,685000,469000,522000,695500,582500,735500,643500,685500,713500,839000,4,113,7.9,
ALTONA,369000,420000,440000,412500,485000,465000,550000,620000,630000,660000,625000,650000,-5,69,5.4,
ALTONA EAST,412000,334500,460000,512000,470000,503000,545000,567500,601000,675500,630000,776000,-7,53,4.3,
ALTONA MEADOWS,298000,330000,347000,306500,327500,320000,353500,365000,440500,457500,472500,455000,3,59,4.7,
ALTONA NORTH,385000,460500,480000,465000,450000,472000,530000,532000,635000,650000,630000,621000,-3,64,5.0,
ANGLESEA,395000,450000,540000,462500,405000,527500,461500,570000,670000,690000,755000,NA,9,91,6.7,
APOLLO BAY,375000,385000,340000,350000,390000,332500,375000,415000,415000,375000,534000,436000,42,42,3.6,
ARARAT,135000,126000,240000,250000,172000,185000,170000,191500,133500,209000,207000,186000,-1,53,4.4,
ARDEER,305000,325000,315000,329500,295000,318000,350000,380000,472500,491000,531000,504000,8,74,5.7,
ARMADALE,485000,540000,540000,547500,570000,605000,840000,779000,775000,650000,634000,655000,-3,31,2.7,
ASCOT VALE,429500,498000,495500,438000,470000,500000,522500,501000,550000,512000,516000,595000,1,20,1.9,
ASHBURTON,617000,576000,735000,655000,675000,734000,1015000,1200000,1215000,922500,1144500,1233000,24,85,6.4,
ASHWOOD,546500,495000,540000,540000,614500,627000,701500,811000,880000,874000,875000,752000,0,60,4.8,
ASPENDALE,465000,515000,467500,479500,475000,570000,604000,685000,900000,800000,690500,774500,-14,49,4.0,
AVONDALE HEIGHTS,382000,420000,495000,420000,462000,468000,447500,512500,500000,550000,628000,685000,14,64,5.1,
BACCHUS MARSH,209000,250000,260500,275000,255000,295000,279000,287000,305000,294000,393000,331500,34,88,6.5,
BAIRNSDALE,195000,193500,215000,192500,186500,212000,216000,211500,225000,215000,215000,245000,0,10,1.0,
BALACLAVA,425000,477500,450000,475500,470000,460000,494000,596500,590000,588500,565000,610000,-4,33,2.9,
BALLAN,220000,217000,283000,306500,330000,283000,315000,320000,340000,390000,337000,325000,-14,53,4.4,
BALLARAT CENTRAL,187500,212000,216000,220500,236500,246500,267000,275500,255000,278000,270000,455000,-3,44,3.7,
BALLARAT EAST,215000,213500,231500,247000,215000,251500,267000,230000,272500,282500,299500,329500,6,39,3.4,
BALLARAT NORTH,200000,241000,230000,212500,229500,245000,241000,228000,226500,259000,275000,225000,6,38,3.2,
BALWYN,577500,652500,605500,545000,600500,595000,815000,667000,799000,685000,875000,556000,28,52,4.2,
BALWYN NORTH,726500,675000,665000,605500,772500,735000,972500,991500,950000,1000000,1010000,1223000,1,39,3.4,
BARWON HEADS,372500,510000,575000,635000,590000,625000,640000,626000,805000,665000,938000,1390000,41,152,9.7,
BAYSWATER,332500,385000,380000,363000,360000,387000,450000,460000,562500,585000,581000,540000,-1,75,5.7,
BAYSWATER NORTH,290000,332000,326000,320000,322500,354000,409000,444500,520000,525000,480000,512500,-9,66,5.2,
BEACONSFIELD,269000,330000,304000,322000,417500,355500,400500,398000,463000,460000,454000,425000,-1,69,5.4,
BEAUMARIS,730000,690000,725000,757500,760000,769000,896500,1018500,940000,900000,887500,1280000,-1,22,2.0,
BELL PARK,264000,289500,272500,291000,310000,297500,293000,316000,343000,392000,397500,382000,1,51,4.2,
BELLFIELD (BANYULE),375000,498500,462500,500000,507500,516000,527500,477500,614500,665000,655000,602500,-2,75,5.7,
BELMONT,251500,275000,280500,269500,295000,298000,310000,300000,356000,388500,419000,471000,8,67,5.2,
BENALLA,158000,180000,170000,176000,167500,180000,186000,181500,185000,185000,210000,186500,14,33,2.9,
BENDIGO,270000,290500,260000,234500,279500,308500,282500,285000,281500,291500,275000,270000,-6,2,0.2,
BENTLEIGH,525000,602000,568500,521000,575000,590000,570000,617500,650000,655000,655000,630000,0,25,2.2,
BENTLEIGH EAST,507000,581000,565000,501000,605500,633000,677500,715000,690000,760000,746000,807000,-2,47,3.9,
BERWICK,351500,347500,365000,360000,350000,380000,425000,427000,492000,515000,522500,520000,1,49,4.1,
BITTERN,255000,350000,330000,344500,330000,302500,355000,340000,433000,497500,471500,520000,-5,85,6.3,
BLACK HILL,222500,255000,280500,222000,254500,255000,245000,186500,285000,260000,282500,222000,9,27,2.4,
BLACK ROCK,663500,668500,632500,630000,704000,700000,820000,880000,945000,1125000,950000,1009000,-16,43,3.7,
BLACKBURN,454500,495500,485000,515000,489000,523000,591000,598500,593500,650000,685500,620000,5,51,4.2,
BLACKBURN NORTH,440000,537500,520000,476000,526000,600000,715500,715000,790000,700000,760500,690000,9,73,5.6,
BLACKBURN SOUTH,485000,540500,519500,494000,597000,592000,648500,767000,722500,660000,760000,1080500,15,57,4.6,
BONBEACH,337000,384000,415000,368000,442500,457000,464000,537500,600000,620000,545000,550000,-12,62,4.9,
BORONIA,344500,371000,364000,365000,380000,410000,432500,485000,577000,592500,573000,587500,-3,66,5.2,
BOX HILL,308000,445000,410000,425000,458000,485000,495000,605000,548500,485000,519000,480000,7,69,5.4,
BOX HILL NORTH,480000,550000,592000,487000,557000,631500,752000,825000,858500,740000,878000,830500,19,83,6.2,
BOX HILL SOUTH,494000,563000,508000,531000,572500,648000,750000,779000,850000,726000,713000,812500,-2,44,3.7,
BRAYBROOK,315000,372000,365000,350000,352500,430000,441000,460000,514000,565000,556000,600000,-2,77,5.8,
BREAKWATER,255000,175000,288000,261500,308000,245000,295000,310000,317500,352500,360500,NA,2,41,3.5,
BRIAR HILL,392500,461500,501500,445500,453000,483500,575000,641000,670000,667000,627500,516000,-6,60,4.8,
BRIGHT,242000,253500,240000,210000,209500,244000,260000,273000,349000,342500,450000,445000,31,86,6.4,
BRIGHTON,635000,765000,790000,798000,740000,700000,845000,1000000,975000,1110000,1038000,970000,-6,63,5.0,
BRIGHTON EAST,575500,692500,700000,657500,687500,800000,962000,922500,965000,940000,990000,1036000,5,72,5.6,
BROADMEADOWS,292500,337000,325000,290000,280000,300000,300000,330000,368000,420000,395000,367000,-6,35,3.0,
BROOKFIELD,245000,153500,227500,285000,270000,270000,212500,273000,335000,400000,455000,NA,14,86,6.4,
BROOKLYN,337500,376000,377500,379000,398500,423000,447000,480000,550000,605000,567500,593000,-6,68,5.3,
BROWN HILL,219000,225000,242500,260000,251000,242500,249000,247500,255500,285000,297500,312000,4,36,3.1,
BRUNSWICK,438000,440000,438500,430000,470000,480000,495000,500000,500000,502500,555000,540000,10,27,2.4,
BRUNSWICK EAST,484000,480000,437500,450000,510000,493500,521000,510000,571000,539000,521000,550000,-3,8,0.7,
BRUNSWICK WEST,363500,410500,383000,417000,395000,409000,420000,467000,473000,450000,499000,517000,11,37,3.2,
BULLEEN,480000,523500,585000,489000,607500,629000,722500,773500,789000,746000,727000,790000,-3,51,4.2,
BUNDOORA,365000,375000,425000,390000,441000,406000,410000,400000,430000,438500,400000,415000,-9,10,0.9,
BUNYIP,254500,246500,337000,262500,335000,260000,270000,327500,310000,250000,397500,434500,59,56,4.6,
BURWOOD,473000,531000,490500,535000,542500,590000,598000,666000,750000,745000,740000,761000,-1,56,4.6,
BURWOOD EAST,439000,518000,428000,492000,572500,530000,660000,602500,857500,626000,660000,753000,5,50,4.2,
CAIRNLEA,338000,375000,415000,372500,400000,380000,429000,392500,403000,429500,432500,NA,1,28,2.5,
CALIFORNIA GULLY,152500,189000,171000,180000,250000,210000,246000,193500,225000,265000,188500,307500,-29,24,2.1,
CAMBERWELL,535000,630000,664500,595000,570000,695000,730000,729000,854000,927500,810000,855000,-13,51,4.2,
CAMPBELLFIELD,144500,320000,370000,255000,315000,270000,355000,340000,420000,361000,343000,472500,-5,137,9.0,
CANADIAN,210000,237000,235000,256000,250000,265000,270000,250000,279000,270500,301500,310000,11,44,3.7,
CANTERBURY,550000,650000,785000,620000,745000,1050000,1201000,986000,913000,975000,1210000,855000,24,120,8.2,
CAPEL SOUND,290000,297500,315000,310000,305000,346000,400000,405000,500000,479000,540000,495000,13,86,6.4,
CARLTON,242000,309000,479000,465000,410000,445000,543000,530500,421500,429000,407500,245500,-5,68,5.3,
CARLTON NORTH,435000,547000,519000,467000,505000,605000,560000,545000,652500,715000,592000,700000,-17,36,3.1,
CARNEGIE,430000,480000,460500,441000,460500,535000,540000,570000,594500,560000,621000,570000,11,44,3.7,
CAROLINE SPRINGS,335000,370000,401000,385000,367000,410000,395000,395000,420000,462500,465000,486000,1,39,3.3,
CARRUM,367000,440000,427500,420000,435000,458500,521000,542500,636500,670000,608000,628500,-9,66,5.2,
CARRUM DOWNS,270000,300000,310000,310000,310000,302500,319000,344000,387500,430000,431000,452500,0,60,4.8,
CASTLEMAINE,228000,257500,244000,315000,311500,260000,317500,327500,332500,396500,420000,475000,6,84,6.3,
CAULFIELD,545000,570000,595000,565000,550000,629000,622000,722500,719500,790000,750500,679000,-5,38,3.3,
CAULFIELD EAST,335500,530000,395000,375000,417000,237000,530000,322500,470000,303000,350000,470000,16,4,0.4,
CAULFIELD NORTH,505000,550000,520000,528500,542000,549000,620000,585000,569000,660000,597000,584000,-10,18,1.7,
CAULFIELD SOUTH,494000,640000,633000,580000,580000,700000,750000,755000,762500,670000,707000,681000,6,43,3.6,
CHADSTONE,500000,550000,512000,543500,580000,485000,515500,675000,765000,760000,801000,830000,5,60,4.8,
CHELSEA,330000,417500,380000,390000,404000,425000,478500,525000,600000,612500,605500,662500,-1,83,6.3,
CHELSEA HEIGHTS,325000,375000,392000,295000,364000,329500,423500,495000,599000,585000,610500,744500,4,88,6.5,
CHELTENHAM,410000,450000,450000,420000,467500,480000,508000,510000,629500,535000,575000,599000,7,40,3.4,
CHELTENHAM EAST,350000,425000,426500,426000,457000,433000,506000,640500,655000,565000,590000,777000,4,69,5.4,
CHELTENHAM NORTH,390000,437500,425000,380000,385000,408000,525000,550500,580000,574500,620000,700000,8,59,4.7,
CHIRNSIDE PARK,326000,423000,337000,329000,390000,497000,464000,476500,495000,532500,610000,684000,15,87,6.5,
CLARINDA,370000,437500,447500,380000,440000,420000,540500,515000,666000,641000,670000,675000,5,81,6.1,
CLAYTON,400000,405500,407500,412500,432000,522500,590000,540000,560500,600000,681000,622500,14,70,5.5,
CLAYTON NORTH,480000,335000,236500,520000,465000,465000,530000,629500,709000,622000,607000,156000,-2,26,2.4,
CLAYTON SOUTH,351000,415000,400000,386000,440000,460000,557500,475000,467500,505000,507500,597000,0,45,3.8,
CLIFTON HILL,488000,404000,630000,440000,600000,566500,575000,736500,679000,749000,607500,384000,-19,24,2.2,
CLYDE NORTH,-,-,191000,210000,219000,405500,211000,372000,385000,460500,518500,NA,13,NA,NA,
COBRAM,171500,169000,154500,184000,176000,185000,170000,195000,185000,180000,215000,212500,19,25,2.3,
COBURG,390000,420000,410500,415000,427000,454000,480000,487000,497500,550000,542500,520000,-1,39,3.4,
COBURG EAST,392500,380000,407500,430000,413000,540000,530000,515000,575000,575000,623000,542000,8,59,4.7,
COBURG NORTH,336500,422500,424000,432500,424500,412000,498500,525500,535000,600000,572000,627500,-5,70,5.4,
COLAC,212500,239500,208000,240000,240000,208500,203000,269500,225000,250000,310000,312000,24,46,3.8,
COLLINGWOOD,460000,547500,550000,538500,485000,585000,544500,536500,600000,560000,591000,556000,5,28,2.5,
CORIO,210500,215000,202500,175500,270000,235000,206500,215000,255000,295000,310000,282000,5,47,3.9,
COWES,280000,292000,339000,183000,309500,328000,305000,290000,305000,310000,350000,308500,13,25,2.3,
COWES WEST,282500,346500,305500,330000,315000,345000,337000,350000,389000,430000,439000,399000,2,55,4.5,
CRAIGIEBURN,275000,297500,320000,303000,311000,335000,339500,349000,366000,393000,380000,368000,-3,38,3.3,
CRANBOURNE,226000,247500,259000,246000,260000,265000,281500,285000,358500,400000,362500,370000,-9,60,4.8,
CRANBOURNE EAST,299000,310000,300000,355000,340000,345000,379000,379000,418500,440000,427500,415000,-3,43,3.6,
CRANBOURNE NORTH,270000,261000,288500,279000,262000,369000,330500,375000,405000,407500,425000,405000,4,57,4.6,
CRANBOURNE WEST,237500,278000,270000,235000,253500,306500,316000,379000,405000,390000,385000,421000,-1,62,4.9,
CREMORNE,539000,625000,649500,613000,695000,599500,680000,590000,570000,685000,870000,1605000,27,61,4.9,
CRESWICK,173500,161500,196500,189000,217500,233000,129000,221000,212000,291500,307500,NA,5,77,5.9,
CRIB POINT,269000,280000,280000,300000,306000,272500,305000,290000,340000,415000,405000,387500,-2,51,4.2,
CROYDON,328000,374000,376000,365000,390000,409000,449000,500000,560000,580000,567000,595000,-2,73,5.6,
CROYDON NORTH,350000,385000,380000,385000,390000,411000,482500,524500,615000,623000,610000,634500,-2,74,5.7,
CROYDON SOUTH,375000,452000,392000,390000,406000,450000,540500,560000,652500,695500,652000,720000,-6,74,5.7,
DALLAS,283500,303000,255500,236000,305000,220500,280000,268000,350000,372500,429000,380000,15,51,4.2,
DANDENONG,271000,289000,309500,292500,302500,307000,320000,334500,360000,364000,337000,388500,-7,24,2.2,
DANDENONG NORTH,275000,308500,315000,311500,328000,325500,350000,407500,455000,477500,430000,486000,-10,56,4.6,
DARLEY,200000,276000,277500,200000,294000,307000,278500,273000,318500,311000,310000,315000,0,55,4.5,
DAYLESFORD,267500,238000,285000,313500,295000,315000,325000,351000,385000,417500,535500,720000,28,100,7.2,
DEEPDENE,663000,645000,586000,653000,875000,690500,810000,960500,1290000,1000000,1060000,1148000,6,60,4.8,
DEER PARK,274500,306000,320000,300000,305000,322000,315000,345000,415000,447500,460000,405000,3,68,5.3,
DELAHEY,273000,312500,317000,305000,306500,325000,346000,360000,375000,415000,400000,465500,-4,47,3.9,
DIAMOND CREEK,380000,383000,400000,412500,444000,475000,500000,585000,594500,601000,661000,615000,10,74,5.7,
DINGLEY VILLAGE,395000,445000,417500,388500,445000,474500,505000,550000,580000,640000,600000,588000,-6,52,4.3,
DOCKLANDS,555000,585000,580000,543000,590000,559000,645000,651500,555000,587000,590000,472000,1,6,0.6,
DONCASTER,470000,527000,517500,511000,577000,549000,577000,572500,599000,581000,620000,555000,7,32,2.8,
DONCASTER EAST,502000,550000,536000,541000,592500,597500,685500,690000,651000,648000,796000,743000,23,59,4.7,
DONVALE,445000,501000,493000,505000,535000,570000,655000,650000,714000,677500,756000,740000,12,70,5.4,
DOREEN,165000,210000,369500,195000,305000,204000,135500,379000,365500,442500,430000,425000,-3,161,10.1,
DOVETON,293000,314000,302500,280000,286000,310000,315000,320000,380000,445500,400000,310000,-10,37,3.2,
DROMANA,358500,349000,390000,422000,450000,467500,400000,525000,521000,680000,585000,625000,-14,63,5.0,
DROUIN,206500,220000,234500,181500,235000,240000,247500,250500,285000,330000,334000,342500,1,62,4.9,
DRYSDALE,255000,269500,250000,260000,269000,290000,303000,325000,309000,382500,392500,365000,3,54,4.4,
EAGLEHAWK,183500,207000,225000,218000,230000,235000,237500,220000,228000,225000,242000,258000,8,32,2.8,
EAGLEMONT,634500,571000,602500,777500,645000,650000,807500,725000,758000,1265000,785000,567500,-38,24,2.2,
EAST BENDIGO,228000,223000,235000,145000,284000,270500,270000,325000,337000,322000,331000,265000,3,45,3.8,
EAST GEELONG,209000,230000,265000,295000,300000,312000,325000,369000,313000,385000,425500,395000,10,103,7.4,
EAST MELBOURNE,480000,610000,515000,514000,610000,597500,700000,1280000,745000,750000,595000,692000,-21,24,2.2,
ECHUCA,231000,214500,225000,245500,220000,246000,255000,278000,283000,278000,269000,313500,-3,16,1.5,
EDITHVALE,399000,465000,478000,450000,475000,472500,482000,565000,697500,709000,694000,730000,-2,74,5.7,
ELSTERNWICK,470000,516000,506000,490000,535000,563000,558000,595000,705000,627000,600000,710000,-4,28,2.5,
ELTHAM,401500,459000,468000,450000,470000,493000,549000,562000,687500,656500,650000,755000,-1,62,4.9,
ELWOOD,467500,580000,536500,525000,560000,588000,615500,629500,664000,660000,672500,709000,2,44,3.7,
ENDEAVOUR HILLS,347000,360000,330000,330000,342500,345000,405500,396000,457000,620500,497500,575000,-20,43,3.7,
EPPING,315000,313500,311500,294500,308500,310500,344000,349000,375000,370000,400000,370500,8,27,2.4,
EPSOM,215000,261000,239500,260000,115500,275000,260000,272500,275000,291000,305000,320000,5,42,3.6,
ESSENDON,415000,450500,446000,430000,462000,469000,511000,530000,520000,492000,520000,560000,6,25,2.3,
ESSENDON NORTH,408000,435000,479000,465000,425000,485000,435000,477500,470000,400000,425000,457500,6,4,0.4,
EUMEMMERRING,235000,315000,305000,280500,295500,295500,325000,341000,492500,414000,430000,384000,4,83,6.2,
EUROA,155000,150000,180000,183000,190000,167500,194000,201500,235000,220000,239000,162500,9,54,4.4,
FAIRFIELD,362000,377500,394000,395000,435000,489500,464000,600000,621500,509000,526500,675000,3,45,3.8,
FAWKNER,325000,357500,348000,378000,344000,345000,370000,400000,473000,510000,477500,504000,-6,47,3.9,
FERNTREE GULLY,329000,365500,361000,372000,380000,405000,430000,510000,555000,599000,537500,600000,-10,63,5.0,
FISHERMANS BEND,635000,855000,850000,776500,822000,881000,914500,920000,934000,971500,883000,750500,-9,39,3.4,
FITZROY,539000,595000,560000,538000,572500,603000,657000,680000,750000,770000,755500,645000,-2,40,3.4,
FITZROY NORTH,492500,609000,515000,525000,569500,550000,608500,610000,581500,640000,640000,641000,0,30,2.7,
FLEMINGTON,308500,392500,382000,387500,363000,437000,437500,415000,436000,440500,407500,369000,-7,32,2.8,
FLORA HILL,200500,216000,225000,222000,272000,261500,225000,240000,250000,247500,244500,260000,-1,22,2.0,
FOOTSCRAY,360000,382500,343500,385000,396500,408000,458000,440000,441000,425000,410000,463500,-3,14,1.3,
FOREST HILL,467000,477500,430500,440000,560000,590000,465000,637500,706500,700500,727500,730000,4,56,4.5,
FOSTER,180000,140000,237000,237500,298000,275500,248000,260000,200000,200000,180000,292500,-10,0,NA,
FRANKSTON,240000,287000,285000,275000,285000,300000,321000,334500,399000,440000,414500,412000,-6,73,5.6,
FRANKSTON NORTH,255000,290000,241000,257000,100000,247000,316000,306500,380000,414000,400000,NA,-3,57,4.6,
FRANKSTON SOUTH,355000,405000,420000,407500,405000,425000,430000,477000,550000,665000,615000,730000,-8,73,5.6,
GARDENVALE,322500,347500,325000,352000,481500,491000,315000,345000,560000,307500,641500,305000,109,99,7.1,
GEELONG,332500,455500,491000,473000,486500,495000,473500,470000,594000,552500,547500,610000,-1,65,5.1,
GEELONG WEST,243000,240000,297000,317000,265000,340000,338500,378000,379000,391500,434000,317500,11,79,6.0,
GISBORNE,285000,335000,345000,327500,355000,375000,435000,447500,450000,507500,510000,550000,0,79,6.0,
GLEN HUNTLY,390000,483000,469000,435000,507500,412500,545000,572500,560000,595000,524000,538000,-12,34,3.0,
GLEN IRIS,465000,594000,560500,500000,540000,560000,590000,645000,775000,681000,630000,657500,-7,35,3.1,
GLEN WAVERLEY,464000,500000,470000,507500,600500,649000,651000,700000,830000,863000,847500,708000,-2,83,6.2,
GLENROY,365000,387500,400000,380000,379500,400000,415000,446000,500000,520000,529000,540000,2,45,3.8,
GOLDEN POINT (BALLARAT),231000,195000,221500,257500,245000,256000,250000,232000,315000,310000,319500,365000,3,38,3.3,
GOLDEN SQUARE,207000,222500,240000,253000,273000,270000,245000,250000,272000,250000,277000,267500,11,34,3.0,
GREENSBOROUGH,401000,426500,412000,440000,430000,446000,490500,517500,622500,626000,633000,640500,1,58,4.7,
GREENVALE,375000,390000,342500,331000,257500,399000,385000,395000,427500,485000,561500,525000,16,50,4.1,
GROVEDALE,248000,260500,270000,286000,280000,245000,275000,302500,330000,359000,399000,435000,11,61,4.9,
HADFIELD,352500,376000,377500,350000,360000,350000,383000,432000,535000,575500,502500,625000,-13,43,3.6,
HALLAM,283500,325500,320000,345000,330000,306500,350000,362500,405000,446000,415000,505000,-7,46,3.9,
HAMILTON,203500,227000,220000,184500,148500,200000,207000,195000,175000,168000,187500,187500,12,-8,-0.8,
HAMLYN HEIGHTS,255000,247500,317500,274000,320000,295500,306500,326500,370000,436000,470000,421500,8,84,6.3,
HAMPTON,555000,690000,560000,599500,680000,650000,750000,802000,877000,865000,775000,940000,-10,40,3.4,
HAMPTON EAST,466500,520000,495000,537000,584000,593500,643500,627500,615000,653000,597000,872500,-9,28,2.5,
HAMPTON PARK,275000,282000,291500,278500,280000,285000,339000,340000,390500,425000,400000,426000,-6,45,3.8,
HARKNESS,239000,255000,275000,260000,260000,265000,245000,277500,332000,365000,348500,369000,-5,46,3.8,
HASTINGS,240000,290000,330000,303500,275000,285000,295000,320000,340000,450000,390000,405000,-13,63,5.0,
HAWTHORN,370000,479000,478500,450000,482500,553000,579000,566000,584000,559000,540000,560000,-3,46,3.9,
HAWTHORN EAST,461000,665000,550000,529500,510000,541000,575000,662500,635000,619500,616500,650500,-1,34,2.9,
HEALESVILLE,290000,305000,310000,350000,332500,369000,360000,407500,435500,450000,475000,520000,6,64,5.1,
HEATHMONT,385000,395000,432000,405000,460500,491500,550000,634500,656500,679000,638000,632500,-6,66,5.2,
HEIDELBERG,435000,490000,475000,479000,543500,515000,522500,550000,600000,612500,657500,670000,7,51,4.2,
HEIDELBERG HEIGHTS,438000,456000,440000,425000,450000,462000,541000,536000,660500,665000,626000,735500,-6,43,3.6,
HEIDELBERG WEST,368500,400500,370000,345000,397000,386500,437500,470000,532500,580000,578500,596500,0,57,4.6,
HERNE HILL,170500,180000,186000,207500,211000,223500,213000,226000,260000,277500,290000,419000,5,70,5.5,
HIGHETT,448500,500000,503000,500000,520000,545000,580000,569000,567500,582000,665000,624500,14,48,4.0,
HIGHTON,262000,286000,302500,297500,297500,295000,334000,358000,337500,390000,424000,445000,9,62,4.9,
HILLSIDE (MELTON),289000,326500,320000,338000,320000,314000,345000,381000,436500,482000,460000,465000,-5,59,4.8,
HOPPERS CROSSING,239500,275000,272500,257500,253000,290000,290000,305000,370000,387500,400000,422500,3,67,5.3,
HORSHAM,161500,200000,198000,186500,175000,185000,212500,227500,259500,248500,220000,208500,-11,36,3.1,
HUGHESDALE,425000,505500,475000,472000,512000,505000,605000,585000,601000,633000,622000,637500,-2,46,3.9,
HUNTINGDALE,337500,413500,371000,540000,461000,395000,498500,372500,432500,422500,661000,762500,56,96,7.0,
INVERLOCH,325000,395000,402000,305000,319000,351000,317000,365000,360000,487500,515000,410000,6,58,4.7,
IRYMPLE,195500,154000,100000,65000,162500,157500,230000,165000,207500,191500,135000,455000,-30,-31,-3.6,
IVANHOE,521000,560000,588000,531500,575000,544000,615000,597000,726000,685000,632500,635000,-8,21,2.0,
IVANHOE EAST,435000,565000,460000,685000,567500,562000,640000,755000,639500,695000,597000,710000,-14,37,3.2,
JACANA,295000,344000,295000,285000,310000,320000,330000,310000,421000,430000,410000,350000,-5,39,3.3,
JOLIMONT,550000,695000,684000,716000,715000,700000,755000,1602000,922000,1199000,1041500,1285500,-13,89,6.6,
JUNCTION VILLAGE,255500,240000,272500,262500,230000,263500,247000,260000,310000,275000,285000,265000,4,12,1.1,
KANGAROO FLAT,195000,184000,226500,204500,226500,227500,240500,237500,213500,237500,240000,252500,1,23,2.1,
KEILOR DOWNS,298000,295000,375000,329000,317000,340000,380500,382000,520000,550500,466000,478000,-15,56,4.6,
KEILOR EAST,399500,432000,443000,507000,540000,485000,580000,488000,663000,642500,642000,645000,0,61,4.9,
KENNINGTON,195500,222000,218500,235000,235000,160000,77500,207500,315000,280000,267500,350000,-4,37,3.2,
KENSINGTON,388000,475000,430000,418000,439000,430000,477500,459000,500000,509000,518500,520000,2,34,2.9,
KEW,546000,638000,615000,597000,598500,648500,680000,795000,750000,749500,804000,830000,7,47,3.9,
KEW NORTH,540000,535000,656500,641000,675000,792500,636000,629000,1150000,837500,881000,1275000,5,63,5.0,
KEYSBOROUGH,330000,367500,366500,355000,379500,439000,511000,490000,551000,577500,590500,672500,2,79,6.0,
KILMORE,238000,244500,252500,248000,237000,230000,255000,275000,275000,315000,335000,339000,6,41,3.5,
KILSYTH,325000,355000,380000,345000,367500,400000,425000,492500,545000,567500,568000,590000,0,75,5.7,
KINGSBURY,340000,425000,427500,377000,370500,357500,400000,450000,485000,511000,547500,507000,7,61,4.9,
KINGSVILLE,310000,350000,330500,386500,320000,322500,400000,407000,404000,437000,408000,462500,-7,32,2.8,
KNOXFIELD,385000,449000,411000,460000,446000,498000,562000,593500,625000,647500,625000,750000,-3,62,5.0,
KOO WEE RUP,253500,241500,220000,241000,228000,230000,270000,277500,361500,372500,415000,410000,11,64,5.1,
KOOYONG,991000,1100000,752500,1190000,695000,705000,1170000,1410000,762500,935000,735000,NA,-21,-26,-2.9,
KORUMBURRA,218000,215000,231500,259500,254500,215000,198000,210000,221500,259000,311000,328000,20,43,3.6,
KURUNJANG,220000,258000,235000,255000,255500,268500,261000,250000,309000,360000,372000,362000,3,69,5.4,
KYABRAM,180000,167500,190000,199000,175000,195000,160000,199000,220000,227000,205000,220000,-10,14,1.3,
KYNETON,210000,235000,254500,268000,285000,297500,325000,360500,389000,408000,420000,425000,3,100,7.2,
LAKE WENDOUREE,290000,340000,350000,350000,330000,376500,305000,313000,362500,442500,473500,459500,7,63,5.0,
LAKES ENTRANCE,270000,224500,215500,225000,228500,238000,250000,252500,265000,257000,220000,330000,-14,-19,-2.0,
LALOR,282500,300000,321000,312000,310000,315000,327000,375500,440500,430000,442000,500000,3,56,4.6,
LANGWARRIN,275000,292500,310000,301000,307500,310000,316500,356500,431000,460000,450500,457500,-2,64,5.1,
LARA,275500,258000,274500,275000,263000,265000,300000,294000,320000,353000,377500,319000,7,37,3.2,
LARA LAKE,225000,229500,280000,266000,252000,314000,285000,267000,312500,355000,379000,467500,7,68,5.4,
LAVERTON,262000,295500,305000,342500,297500,321500,374000,415000,414500,445000,505000,550000,13,93,6.8,
LAVERTON SOUTH,296000,328500,357500,320000,320000,338500,361000,370000,437000,480000,468000,495000,-3,58,4.7,
LEONGATHA,210000,220000,275000,235000,270000,265000,292500,276000,267500,265000,247500,339000,-7,18,1.7,
LEOPOLD,239000,275000,285000,261000,285000,290000,285000,308000,308500,360000,391500,399000,9,64,5.1,
LILYDALE,312500,347000,370000,359000,345500,366500,400000,440000,464000,525500,500000,525000,-5,60,4.8,
LONG GULLY,188000,190000,225000,211500,204000,223000,230000,239000,233000,250000,255000,230000,2,36,3.1,
LONGWARRY,160500,240000,239000,225000,222500,212500,252500,270500,308000,347500,330000,375000,-5,106,7.5,
LORNE,550000,600000,550000,597500,550000,554000,755000,580000,390000,750000,815000,697500,9,48,4.0,
LOWER PLENTY,361500,425000,389500,385000,420000,441500,491500,564000,560000,517500,545000,662000,5,51,4.2,
LYNBROOK,342000,375500,333500,380000,367500,372500,370000,421000,450000,244000,535000,535000,119,56,4.6,
MACLEOD,413000,470000,433000,414500,337500,483000,554000,543500,651500,636500,655000,749500,3,59,4.7,
MADDINGLEY,245000,275000,275000,208000,307500,211000,288000,299000,316500,379000,365000,402500,-4,49,4.1,
MAFFRA,193000,184000,194500,177000,217500,201000,214000,227000,225000,205000,220000,305000,7,14,1.3,
MAIDSTONE,370000,427000,398000,435000,420000,435000,482500,500000,600000,600000,575000,635000,-4,55,4.5,
MALVERN,524000,545000,545000,725000,620000,773000,668500,649000,751500,715000,720000,650000,1,37,3.2,
MALVERN EAST,376500,402500,510000,445000,499000,525000,589500,658500,625000,628500,633500,641000,1,68,5.3,
MANIFOLD HEIGHTS,229500,255000,270000,306500,275000,280000,287000,262000,335000,360000,339000,350000,-6,48,4.0,
MANSFIELD,210000,238500,246000,296000,258000,279000,275000,200000,247500,334000,340000,376000,2,62,4.9,
MARIBYRNONG,435000,496000,443500,434500,480000,460000,459000,460000,487000,462500,510000,467000,10,17,1.6,
MARYBOROUGH,155000,163000,190000,185000,200000,178500,193500,219000,215000,227500,208000,227500,-8,34,3.0,
MCCRAE,343000,428500,650000,500000,502500,436000,490000,607500,682000,690000,700000,625000,1,104,7.4,
MCKINNON,620000,719000,605000,591500,555000,600000,687000,661500,747500,780000,785000,831000,1,27,2.4,
MEADOW HEIGHTS,255000,300000,295000,275000,270000,268000,285000,300000,350000,400000,376500,401000,-6,48,4.0,
MELBOURNE,395000,455000,465000,488000,497500,524000,560000,534000,518500,515000,474000,470000,-8,20,1.8,
MELTON,225000,230000,245000,230000,224500,249000,225000,230000,274500,317000,314000,322500,-1,40,3.4,
MELTON SOUTH,213500,230500,235000,228000,192000,212000,221500,230000,280000,320000,299500,310000,-6,40,3.4,
MELTON WEST,249000,261000,249500,287000,275000,262500,257500,275000,350000,385000,362000,398500,-6,45,3.8,
MENTONE,370000,499500,445000,466000,482500,485000,475000,550000,558000,570000,600000,605000,5,62,5.0,
MERNDA,320000,285000,295000,285000,310000,329000,315000,317500,355000,385000,385500,385000,0,20,1.9,
METUNG,395000,232000,350000,375000,380000,315000,311000,225000,212500,265000,292500,671000,10,-26,-3.0,
MIDDLE PARK,530000,629000,605000,530000,660000,670000,780000,752000,760000,702500,735000,1155000,5,39,3.3,
MILDURA,155000,168000,159500,149000,155000,164500,163000,182000,190000,225000,220000,200000,-2,42,3.6,
MILL PARK,307000,340000,355000,328000,340000,357000,382500,395000,440000,455500,444500,438000,-2,45,3.8,
MITCHAM,400000,457000,494000,476000,491500,550000,641000,677500,677500,675000,696000,689500,3,74,5.7,
MOE,129000,129000,123000,135000,135500,170000,126000,137000,135000,133500,163000,123500,22,26,2.4,
MONT ALBERT,489500,546000,540000,567000,617500,600000,637500,727000,699000,740000,708500,990500,-4,45,3.8,
MONT ALBERT NORTH,508000,615500,725000,645000,778000,832500,870000,935000,1015000,1102000,887000,1140000,-20,75,5.7,
MONTMORENCY,405000,469000,480000,454500,463000,490500,552500,628000,711000,690500,685000,541000,-1,69,5.4,
MOONEE PONDS,410000,481000,476500,435000,475000,475000,463500,529500,534000,520000,483500,480000,-7,18,1.7,
MOORABBIN,450000,515000,471500,480000,495000,480000,484000,570000,650000,578000,683000,512000,18,52,4.3,
MOOROOLBARK,318500,372500,371500,360000,370000,381000,410500,495000,596500,569000,568500,558500,0,79,6.0,
MOOROOPNA,164500,139000,187000,169000,163000,157500,165000,167000,161500,164000,175000,187500,7,6,0.6,
MORDIALLOC,414000,440000,452000,430000,430000,455000,538500,545000,585000,644000,615000,585000,-5,49,4.0,
MORNINGTON,346000,390000,426000,410000,440000,462500,485000,587000,600000,670000,643000,613000,-4,86,6.4,
MORWELL,129000,130500,144000,150000,160000,145000,180000,155000,165000,150000,175500,162000,17,36,3.1,
MOUNT CLEAR,195000,225000,225000,276500,240500,256500,215000,227500,263000,270000,275500,375000,2,41,3.5,
MOUNT ELIZA,349000,400000,395000,375000,445000,475000,445000,500000,590000,535000,595000,520000,11,70,5.5,
MOUNT EVELYN,275000,355000,345000,370000,387500,423000,435500,438500,677000,645000,580000,580500,-10,111,7.7,
MOUNT MARTHA,340000,425000,338000,430000,365000,446500,510000,550000,631500,570000,650000,375000,14,91,6.7,
MOUNT PLEASANT,218500,230000,249000,195000,263500,235000,264500,255000,266500,275000,245000,275000,-11,12,1.1,
MOUNT WAVERLEY,545000,605000,613000,567500,656500,720000,800000,851000,929000,905000,954000,911000,5,75,5.8,
MULGRAVE,430000,515500,564000,478000,496000,500000,600000,614500,665000,750000,731000,838500,-3,70,5.5,
MURRUMBEENA,474500,437000,526500,500000,503000,525000,523000,530000,580000,598500,510000,508000,-15,7,0.7,
MYRTLEFORD,192500,192500,220000,213000,205000,199000,185000,265000,229000,241500,310000,239000,28,61,4.9,
NAGAMBIE,240000,267500,262000,232500,282000,279000,320000,262500,270000,340000,360000,372000,6,50,4.1,
NARRE WARREN,252500,287000,290000,305000,299000,295000,319000,350000,420000,440000,418000,427500,-5,66,5.2,
NEWBOROUGH,153000,191500,135000,150500,171000,65000,156000,161500,135500,165000,203500,230000,23,33,2.9,
NEWCOMB,234000,239000,257500,265000,268500,276500,280000,250000,298000,355000,353500,375000,0,51,4.2,
NEWPORT,475000,525000,515000,505000,495000,575000,620500,652500,730000,663000,730000,712500,10,54,4.4,
NEWTOWN (GREATER GEELONG),260000,312500,352500,340000,329000,337500,368000,420000,420500,396500,562000,382000,42,116,8.0,
NIDDRIE,399000,539000,471000,470000,500000,457000,545000,617500,646000,662500,656500,592500,-1,65,5.1,
NOBLE PARK,283000,319000,305000,315000,322000,322500,352000,390000,450000,480000,460000,480000,-4,63,5.0,
NOBLE PARK NORTH,305000,345000,350000,318000,350000,305000,381000,392500,477000,502000,515000,461000,3,69,5.4,
NORLANE,215000,224000,215500,218000,213500,221500,215000,225000,268000,290000,300000,315000,3,40,3.4,
NORTH BENDIGO,215000,205000,115000,219000,228000,222500,264500,240000,252500,266000,265000,273000,0,23,2.1,
NORTH GEELONG,225500,267500,310000,294000,178500,256000,277000,215000,313500,321500,396500,413000,23,76,5.8,
NORTH MELBOURNE,351000,375000,397500,420000,485500,529000,526500,550000,560000,540000,477500,488000,-12,36,3.1,
NORTHCOTE,370000,440000,480000,442000,509000,530000,500000,517500,508000,565000,585500,525000,4,58,4.7,
NOTTING HILL,335000,253500,315500,367500,409000,409000,400000,327000,338500,320000,396000,320000,24,18,1.7,
NUMURKAH,166000,174000,159500,180000,170000,150000,205000,160000,152500,190000,175000,171500,-8,6,0.5,
NUNAWADING,398500,462500,445000,421000,441000,480500,593500,652500,722500,599000,590500,837500,-1,48,4.0,
OAK PARK,407000,450000,456000,425000,470000,470000,517000,525000,580000,630000,658000,570000,4,62,4.9,
OAKLEIGH,403500,433000,420000,423500,426000,460000,485000,509500,420000,545000,540000,507500,-1,34,3.0,
OAKLEIGH EAST,445000,499000,540000,537000,570000,615000,680000,730000,810000,795000,791500,751000,0,78,5.9,
OAKLEIGH SOUTH,450000,529000,493000,380000,482500,506000,535000,663000,765000,760000,697500,819500,-8,55,4.5,
OCEAN GROVE,340000,390000,392500,400000,390000,410000,435000,491500,537500,605000,615000,507500,2,81,6.1,
OFFICER,335000,335000,370000,185000,160000,348000,362000,369000,387000,449000,430000,420000,-4,28,2.5,
ORMOND,419000,468500,532500,492000,505000,498500,485000,562000,577000,572500,605000,581500,6,44,3.7,
OSBORNE,383000,369000,390000,425500,452500,460000,500000,530000,561500,647500,640000,545500,-1,67,5.3,
PAKENHAM,240000,265000,272000,270000,272500,279500,290000,310000,355500,399000,370000,401000,-7,54,4.4,
PARKDALE,397000,477500,430500,489000,468500,499000,548500,617500,650000,689500,672000,859000,-3,69,5.4,
PARKVILLE,446000,545000,515000,510000,520000,505000,526000,526000,548000,500000,458000,495000,-8,3,0.3,
PASCOE VALE,399000,445500,432500,430500,445000,463000,478000,505000,580000,620000,610000,598000,-2,53,4.3,
PASCOE VALE SOUTH,410500,495000,465000,457500,460000,440000,495000,543000,620000,630000,600000,690000,-5,46,3.9,
PATTERSON LAKES,382000,378000,409000,380000,391000,417500,475000,470000,551000,625000,587500,496500,-6,54,4.4,
PAYNESVILLE,270000,250000,259000,210000,236500,236500,233000,266000,272500,272500,295000,275000,8,9,0.9,
POINT COOK,284500,315000,319500,315000,326000,327500,355000,377500,449500,472000,465000,457500,-1,63,5.0,
POINT LONSDALE,375000,475000,386500,366000,386500,413500,475000,610000,557500,675000,595500,535000,-12,59,4.7,
PORT FAIRY,331000,315000,377500,340000,460000,377500,331000,395000,590000,447500,522500,955000,17,58,4.7,
PORT MELBOURNE,581000,609000,605000,627000,690000,745000,670000,700000,720000,690000,729000,720500,6,25,2.3,
PORTARLINGTON,271500,292000,341000,299500,305000,295000,340000,356500,405000,460000,494000,543500,7,82,6.2,
PORTLAND,139000,205000,222500,215500,155000,225000,210000,150000,180000,171500,189500,193000,11,36,3.2,
PRAHRAN,385000,480000,485000,461000,515000,550000,530000,595000,577500,530000,590000,502000,11,53,4.4,
PRESTON,395000,430000,432000,393000,425000,440000,450000,455000,450000,500000,490000,488000,-2,24,2.2,
QUARRY HILL,270000,220000,207500,226000,267500,170500,282000,225000,226500,266000,283500,287500,7,5,0.5,
REDAN,189500,187000,209500,209000,171500,217500,218000,209500,230000,250000,260000,184000,4,37,3.2,
RESEARCH,440000,445000,425000,439500,546500,512000,578500,630000,605000,652500,672500,NA,3,53,4.3,
RESERVOIR,340000,361000,365000,355000,370000,381000,390000,430000,530500,562000,560500,560000,0,65,5.1,
RICHMOND,465000,510000,540000,540000,555500,539000,552000,552500,582500,597000,578500,645000,-3,24,2.2,
RIDDELLS CREEK,230000,275000,350000,340000,325000,350000,326500,380000,386500,400000,490000,420000,23,113,7.9,
RINGWOOD,345000,387500,385000,385000,410000,445000,475000,495000,558000,547000,532000,545000,-3,54,4.4,
RINGWOOD EAST,340000,400500,390000,380000,392500,440000,537500,542000,662500,632000,628000,642500,-1,85,6.3,
RINGWOOD NORTH,439000,441500,511000,442500,435000,600000,600000,733000,652500,827500,640000,818500,-23,46,3.8,
RIPPONLEA,373000,430000,405000,435000,427000,430000,482500,470000,612000,568000,525500,470000,-8,41,3.5,
ROMSEY,240000,245000,275000,275000,317500,319000,315500,330500,288000,350000,425000,382000,21,77,5.9,
ROSANNA,418500,502500,508000,494500,541000,480000,620000,646000,745000,745500,685000,790000,-8,64,5.1,
ROSEBUD,290000,335500,340000,330000,330000,370000,380000,432000,499000,535000,525000,587500,-2,81,6.1,
ROSEBUD SOUTH,257500,385000,371500,393000,430000,445000,453500,475000,520500,587500,520000,506000,-11,102,7.3,
ROWVILLE,377000,415000,400000,390000,393000,390000,420000,456500,460000,587500,578000,640500,-2,53,4.4,
ROXBURGH PARK,154000,335000,357000,266000,300500,314000,324000,321000,398000,390000,401000,373000,3,160,10.0,
RYE,265000,297500,327500,430500,320000,425000,370000,420000,490000,550000,475000,548500,-14,79,6.0,
SAFETY BEACH,345000,436000,430000,375000,439000,435500,312000,453500,668000,655000,665000,676000,2,93,6.8,
SALE,183000,195000,195000,231000,195000,205000,220000,221000,282500,215000,210000,250000,-2,15,1.4,
SAN REMO,376000,315000,385000,437000,341000,330000,255000,294000,351000,360000,228000,789500,-37,-39,-4.9,
SANCTUARY LAKES,345000,424000,370000,332500,370000,380000,382000,380500,429000,420000,535000,500000,27,55,4.5,
SANDHURST,234500,371000,381000,307500,330000,362500,440000,467000,587500,515000,592500,600000,15,153,9.7,
SANDRINGHAM,485000,595000,495000,458000,554000,535000,573500,721000,730000,645000,781000,630000,21,61,4.9,
SCORESBY,353500,355000,380000,436500,388000,455000,546500,550000,615000,615000,574500,555000,-7,63,5.0,
SEAFORD,280000,320000,336000,336000,350000,350000,360000,411500,463000,506500,495000,545000,-2,77,5.9,
SEBASTOPOL,199500,205000,201000,192500,221500,210000,215000,212000,218000,236000,235500,267000,0,18,1.7,
SEDDON,340500,377500,430000,430000,400000,430500,483000,522500,495000,740000,696000,425000,-6,104,7.4,
SEYMOUR,150000,146000,181500,180000,158000,175000,179500,190000,163000,195000,195000,238000,0,30,2.7,
SHEPPARTON,216000,197500,205000,221500,205000,214000,215000,210000,225000,195000,252000,264000,29,17,1.6,
SKYE,256500,315000,332000,261000,318000,354000,320000,339000,406500,468000,445000,472500,-5,74,5.7,
SOLDIERS HILL,186500,246000,177500,250000,193500,275000,255000,295000,284000,417000,331000,355000,-21,77,5.9,
SOMERVILLE,273000,275000,307500,295000,347500,329000,320000,350000,403500,475000,453500,460000,-5,66,5.2,
SORRENTO,730000,755000,867500,900000,1050000,1050000,940000,770000,1100000,1032500,890000,670000,-14,22,2.0,
SOUTH KINGSVILLE,441000,380000,432000,404000,484500,435500,413500,574000,630000,762500,643000,720000,-16,46,3.8,
SOUTH MELBOURNE,502500,545000,510000,515000,516000,567500,585000,591500,600000,610000,582500,547500,-5,16,1.5,
SOUTH MORANG,317000,350000,346500,350000,330000,337500,360000,365000,423000,450000,407000,459500,-10,28,2.5,
SOUTH YARRA,470000,555000,505000,535000,565000,567000,610000,650000,600000,580000,580000,586500,0,23,2.1,
SOUTHBANK,517000,563500,575000,540000,570500,547500,579000,600000,570000,575000,582500,532500,1,13,1.2,
SPOTSWOOD,417000,489000,480000,359000,485000,488500,410500,535000,646000,670000,650000,697000,-3,56,4.5,
SPRING GULLY,152500,150000,206500,242500,197500,235000,210000,220000,306500,282500,280000,289000,-1,84,6.3,
SPRINGVALE,340000,385000,345000,350000,365000,415000,420000,450000,493000,550000,508000,600000,-8,49,4.1,
SPRINGVALE SOUTH,294000,337500,316500,306500,329500,353000,398000,412000,454000,525000,470000,444500,-10,60,4.8,
ST ALBANS,259000,308000,312000,298500,295000,296000,325000,340000,385000,440000,430000,478500,-2,66,5.2,
ST ALBANS PARK,221000,245000,255000,247500,263000,239500,252500,261500,280000,327500,377500,227500,15,71,5.5,
ST KILDA,421000,480000,480000,462000,480000,491000,515000,518500,535000,527000,535000,570000,2,27,2.4,
ST KILDA EAST,426000,481000,470000,486000,475000,500000,548000,535000,575000,565500,590000,593000,4,38,3.3,
ST KILDA WEST,371000,479000,470000,529000,467000,495000,536500,545000,600000,511000,595000,690000,16,60,4.8,
ST LEONARDS,139500,231000,238000,295000,280000,320000,382500,325000,356000,345000,419000,375000,21,201,11.6,
STAWELL,150000,93500,168500,122500,127000,148000,160000,115000,163500,125000,244000,124000,95,63,5.0,
STRATHDALE,212500,241000,245000,260500,225000,262000,252500,239500,270000,260000,273500,373500,5,29,2.6,
STRATHMORE,490000,565000,570500,524000,533500,620000,519500,559000,695000,677500,732000,608000,8,49,4.1,
STRATHTULLOH,-,-,-,-,-,-,389000,389000,359000,409000,420000,NA,3,NA,NA,
STUDFIELD,395000,470000,470000,455000,445000,584500,550000,650000,720000,675000,721000,690000,7,83,6.2,
SUNBURY,260000,300000,310000,315000,307000,316000,320000,358000,375000,415000,395000,420000,-5,52,4.3,
SUNSHINE,260000,255000,310000,342500,330000,370000,375000,385000,412500,335000,390000,310000,16,50,4.1,
SUNSHINE NORTH,250000,315000,345000,288500,330000,345000,355000,415000,450000,455500,512000,475000,12,105,7.4,
SUNSHINE WEST,292500,358500,345000,343500,342000,350000,357500,387500,439000,464000,480000,482000,3,64,5.1,
SURREY HILLS,554000,616500,583500,600000,650000,625000,695000,735000,857500,753000,756000,850000,0,36,3.2,
SWAN HILL,180000,200000,190000,190000,185000,185000,189000,230000,222500,212000,245000,295000,16,36,3.1,
SYDENHAM,271000,295000,305500,314000,300000,295000,307500,342500,371000,426000,416000,427500,-2,54,4.4,
SYNDAL,470000,483000,512500,520000,659000,662500,855000,720000,870000,812500,880000,1262500,8,87,6.5,
TARNEIT,245000,272500,260000,288000,295000,299000,300000,320500,377500,403000,388000,400000,-4,58,4.7,
TATURA,155500,208000,205000,162000,166500,165000,197500,184500,180000,195000,221000,189000,13,42,3.6,
TEMPLESTOWE,500000,605500,540000,585500,588000,670500,732000,720000,765000,847500,740000,790000,-13,48,4.0,
TEMPLESTOWE LOWER,472500,530000,540000,532500,555000,567500,700000,699000,880000,799000,765000,870000,-4,62,4.9,
THOMASTOWN,277000,327500,325000,307500,309000,300000,314000,340000,438000,449000,457500,481000,2,65,5.1,
THOMSON (GREATER GEELONG),217500,282500,309000,310000,278000,300000,310500,308000,327000,365000,400500,393000,10,84,6.3,
THORNBURY,392000,390500,396500,390000,428500,459500,507500,519000,550000,560000,602000,545000,8,54,4.4,
TOORAK,645000,746500,740000,808000,787500,820500,1000000,1198000,985000,986500,1085500,865500,10,68,5.3,
TORQUAY,420000,420000,470000,442500,439000,452500,472000,485000,599000,660000,615000,680000,-7,46,3.9,
TRAFALGAR,220500,237000,240000,265000,252000,257500,235000,250000,275000,297500,310000,NA,4,41,3.5,
TRARALGON,184000,200000,229000,206000,195000,250000,209000,225000,205000,213500,215000,215000,1,17,1.6,
TRAVANCORE,415000,495000,500000,505000,429000,430000,352000,363000,352500,348500,348000,350500,0,-16,-1.7,
TRUGANINA,265000,298000,310000,277000,250000,282000,325000,334000,408000,430000,415000,412000,-3,57,4.6,
TULLAMARINE,300000,355500,327000,340000,330000,339000,362500,399500,472500,486000,480000,482500,-1,60,4.8,
TYABB,265000,235000,285000,304500,300000,335000,308000,320000,389000,428000,443000,479000,4,67,5.3,
VERMONT,390000,507000,497000,482500,530000,617500,677500,680000,741500,757500,725000,673000,-4,86,6.4,
VERMONT SOUTH,517000,610000,530000,530000,583000,600000,838000,699000,595000,795000,772500,951000,-3,49,4.1,
VIEWBANK,406500,494500,426500,405000,451000,475000,557500,510000,655000,580000,643500,568000,11,58,4.7,
WALLAN,231000,255000,250000,250000,246000,265000,263000,277000,310000,330000,360000,380000,9,56,4.5,
WALLAN EAST,236000,280000,280000,275000,267000,251000,245000,277000,322000,376500,358000,365000,-5,52,4.3,
WANGARATTA,175000,182500,187000,150500,175000,214000,210000,202000,190000,202500,229500,252000,13,31,2.7,
WANTIRNA,373500,460500,420000,416000,413000,460000,557500,575000,615000,667500,635000,740000,-5,70,5.5,
WANTIRNA SOUTH,362000,370000,375000,385000,425000,462000,485000,501500,510000,520000,495000,372500,-5,37,3.2,
WARRAGUL,225000,230000,244000,235000,243000,250000,242500,263000,290000,312500,300000,338500,-4,33,2.9,
WARRNAMBOOL,220000,259000,255000,256500,258000,258500,255000,252500,257000,252000,280000,264000,11,27,2.4,
WATSONIA,409000,407500,426000,424000,434000,455500,521000,549500,570000,525000,495000,625000,-6,21,1.9,
WENDOUREE,170000,190000,210000,230000,213000,240000,209000,240000,232500,225000,270000,280000,20,59,4.7,
WERRIBEE,238000,257000,273000,250000,250000,261500,287500,305000,360000,390000,380000,371000,-3,60,4.8,
WERRIBEE SOUTH,350000,469000,529000,425000,461000,568000,589000,432000,480000,420000,465000,718000,11,33,2.9,
WEST FOOTSCRAY,320000,300000,363000,370000,387500,410000,440000,429500,482500,432500,450000,421500,4,41,3.5,
WEST MELBOURNE,477500,519000,481000,442500,445000,470000,540500,530000,559000,555000,599000,466000,8,25,2.3,
WEST WODONGA,188000,198500,190000,186000,190000,195000,198000,205000,208000,215000,235000,217500,9,25,2.3,
WESTALL,330000,387500,390000,370000,367500,465000,530000,426500,585000,570000,570000,440000,0,73,5.6,
WESTGARTH,392500,447000,470000,465000,550000,480000,502000,485000,567500,538000,550000,700000,2,40,3.4,
WESTMEADOWS,342000,415000,367500,375000,385000,379000,399500,410000,455000,521000,510500,518000,-2,49,4.1,
WHEELERS HILL,395000,591500,465000,481000,665000,525500,632500,753500,862500,826000,803000,1018500,-3,103,7.4,
WHITE HILLS,200000,270000,170000,95000,260000,191500,210000,295000,260000,299000,255000,300000,-15,28,2.5,
WHITTINGTON,185000,212000,200000,223500,211000,289000,218500,209000,225000,330500,299000,350000,-10,62,4.9,
WHITTLESEA,235000,235000,270000,262500,285000,280000,281000,295000,337500,407500,330000,395000,-19,40,3.5,
WILLIAMS LANDING,203000,290000,333000,296500,287500,350000,375000,359000,389000,439000,395000,415000,-10,95,6.9,
WILLIAMSTOWN,393500,450000,449000,457500,540000,570000,563000,615000,715000,652000,600000,650000,-8,52,4.3,
WILLIAMSTOWN NORTH,355000,483500,345000,414000,535000,545000,489500,548000,531500,577000,737500,700000,28,108,7.6,
WINCHELSEA,207500,196000,225000,272500,270000,235000,292000,280000,315000,316000,348000,290000,10,68,5.3,
WINDSOR,420000,418500,480500,465000,530000,490000,505000,556000,555000,535000,487500,530000,-9,16,1.5,
WODONGA,172500,180000,190000,177000,184000,198000,188500,206000,240000,233500,221500,207500,-5,28,2.5,
WOLLERT,187000,197500,228000,209500,334000,339000,339000,390000,420000,406000,420000,430000,3,125,8.4,
WONTHAGGI,238000,275000,241000,260000,237500,233000,215000,257000,260000,306500,315000,398000,3,32,2.8,
WOODEND,228000,297500,315000,315000,437500,337500,422000,430000,560000,470000,516000,384500,10,126,8.5,
WYNDHAM VALE,240000,256000,275000,275000,250000,255000,240000,211000,254500,371000,378000,NA,2,57,4.6,
YARRA GLEN,230000,382500,412500,360000,325000,360000,410000,397500,580000,498000,425000,NA,-15,85,6.3,
YARRA JUNCTION,278500,235000,360000,264000,308500,345000,320000,374000,440000,469000,461500,355000,-2,66,5.2,
YARRAVILLE,415000,492000,468000,509500,480000,525000,550000,555000,550000,563000,654000,591000,16,58,4.6,
YARRAWONGA,200000,230000,238000,245000,214000,213500,228000,232500,236000,248000,275000,260000,11,38,3.2,